gene	MM-ED-DNA-A-12-2023.reads.qc	MM-ED-DNA-A-4-2023.reads.qc	MM-ED-DNA-A-9-2022.reads.qc	MM-ED-DNA-O-12-2023.reads.qc	MM-ED-DNA-O-4-2023.reads.qc	MM-ED-DNA-O-9-2022.reads.qc	MM-HC-DNA-A-12-2023.reads.qc	MM-HC-DNA-A-4-2023.reads.qc	MM-HC-DNA-A-9-2022.reads.qc	MM-HC-DNA-O-12-2023.reads.qc	MM-HC-DNA-O-4-2023.reads.qc	MM-HC-DNA-O-9-2022.reads.qc	ZH-ED-DNA-A-12-2023.reads.qc	ZH-ED-DNA-A-4-2023.reads.qc	ZH-ED-DNA-A-9-2022.reads.qc	ZH-ED-DNA-O-12-2023.reads.qc	ZH-ED-DNA-O-4-2023.reads.qc	ZH-ED-DNA-O-9-2022.reads.qc	ZH-HC-DNA-A-12-2023.reads.qc	ZH-HC-DNA-A-4-2023.reads.qc	ZH-HC-DNA-A-9-2022.reads.qc	ZH-HC-DNA-O-12-2023.reads.qc	ZH-HC-DNA-O-4-2023.reads.qc	ZH-HC-DNA-O-9-2022.reads.qc
AAB03644	0	0	0	0	0	0	0.0002208061803966	0	4.26170256570879e-05	0.0001835900153413	6.10388601994426e-05	0	0	5.17203749683933e-05	3.7576174482281e-05	0	0	0	0	0	0	0	5.53054473667539e-05	4.71027131101388e-05
AAB20442	0	0	0	0	0	0	4.55066273997624e-05	0	0	0	0	0	0	0	3.4460467707027e-05	4.89275724535349e-05	0	0	0	4.45360569726855e-05	0	0	0	0
AAK14791	0.0004460079394016	6.8337229821154e-05	8.775174193817e-05	0.0004865747094805	0.0002717735238215	0	0	0	0	0	0	0	0	0	0	0	0	0	0	0	0	0.0001157710466177	6.50902572854873e-05	0
AAM89276	0	0	0.0001193901250859	0	9.24399740889648e-05	0.0003908077591717	0	0	0	0	0	0	0.0006270186176418	0.0002070438872361	0	0.0005937322085829	0	0.0004971295563429	0.0001602509568672	0	0	0.0004725348841539	0	0
AAS89471	0	0	0	0	0	0	0.0001292259121337	0	0	0	0	0	0	0	0	0	0	0	0	0	0	0	0	0
ABB72057	0.0007130058895197	0	0.0002895210533334	0.0015890390287089	0	0.0017293243343349	0	0	0	0	0	0	0.0002060830421619	0	0	0	0	0	0.0001842886003973	0	0	0.0001890139536615	0	0
ABD04054	0	0	0	0	0	0	0	0	0	0	0	0	0	0	0	7.77404762317277e-05	0	0	0	0.0001444139715894	0	0	8.05879375915557e-05	0
ABM94007	0.0057109136902336	0.0086363773839425	0.0019997217582816	0.0048768213413939	0.0072242326276705	0.0019296990143663	0.0049193292716796	0.0024486918683388	0.0015420185683544	0.0043152793933138	0.0031551124518731	0.0012829388132808	0.010962325496953	0.0065289001460101	0.0072085713371475	0.0091803903736504	0.0073659654543381	0.0103576442598047	0.005162105033738	0.0032423216842431	0.0014076164258286	0.0044099939820095	0.0016565971531978	0.0026184656245677
ACA48664	0	0	0	0	0	0	0	0	0	0	0	0	0.0003126949989278	0	0	0	0	0	0	0	0	0	0	0
AF001493.1.orf0.gene.p01	0	0	0.0001595486217057	0	0.0003630369891493	8.52671474556512e-05	0	8.95292927175632e-05	0	0	0	9.164537729279e-05	0.0003467935138896	0.0003387990882045	0.0010518647523906	0.0002306585558523	0.0004088638046274	0	0.0004348628238624	0.0003965829835186	0.0002181724655417	9.88027485049203e-05	0.000335715983773	0
AF030344.gene.p01	0	3.80779265088891e-05	0	0	0	0	3.04009135261908e-05	0.0001153620105617	5.60225721525632e-05	0.0002246706941272	0.0007086881915728	3.00264376963108e-05	0	0	0	3.89630071805795e-05	0	6.02470282918807e-05	3.65441024550464e-05	0	3.76059672771522e-05	0	0.0001219946958426	0
AF047479.2.gene10.p01	0.000166469945567	0	8.76359834518699e-05	0	0.000101437933544	0	0	0	0	0	0	0	0	0.0002443905108501	8.74396151450798e-05	0	0.0003710173271823	0.0001949343599348	5.82204522002451e-05	0.0003978248000629	0	0	6.56610029263083e-05	0
AF133140.gene.p01	3.70722711778894e-05	0	0	0.0001085798958853	2.25898709058839e-05	0	0	3.27434497662699e-05	0	0	0	0	0.0005187008234293	0.0001239086179367	0	0.0002113223029463	0	0	0	0.0001155681117911	0	7.69833046562856e-05	0	3.76152988457187e-05
AF191564.1.gene5.p01	0.0001520194294587	0.0003109847575903	0	4.84778669199056e-05	0	0	0	0	0	6.45821295520711e-05	0	4.5504475530795e-05	0.0001163784555471	5.60743861264468e-05	7.98493707748472e-05	0	0.0002016405320259	0.0001346392548428	0.0003233396910956	5.15979085991415e-05	0	0.0001066484981597	5.8762037827176e-05	0
AF313472.2.gene15.p01	0	0.0006057009225759	0	0	0.0002200902304432	0	0	0	0	0	0	0	0.0012104853803299	0	0	0.0017869078966907	0	0	0	0.0002214888440669	0	0	6.467731748921e-05	5.39828846880243e-05
AF332662.1.gene1.p01	0	0	0	0	0	0	0	0	0	0	0	0	4.14814296999759e-05	0	0	0	0	0	0	0	0	0	0	0
AF353562.gene.p01	3.76791730233988e-05	0	0	0.0001019265853009	0	0	0.0015023825557018	0.0007257760123929	3.11000343331724e-05	0.0013897534219985	0.0006043120604116	0.0001235945950026	0	0	0.0001068367887719	3.61163652644496e-05	0	8.67474393618489e-05	6.7748372008913e-05	3.45184615018647e-05	0	7.32493099555742e-05	3.83752083769313e-05	3.74664686660039e-05
AGC41079.1	5.68441491394304e-05	0.0007678709137166	0.0015164652770475	5.5868850231824e-05	0.0012144437537076	0.000882612503949	0.0001596320091064	0.0001475459940488	0	7.29398169058685e-05	0.0001494829229374	0	0.0001287567642644	0.0001241288999241	8.92625859130104e-05	0.0001946778312357	7.1264072783231e-05	9.28707880226853e-05	0.000772032551025	0.0002866192589074	0.0001742527796679	0.0003493051986785	0.0009345491922382	0.0006159881338974
AJ250876.1.gene1.p01	0	0	0	0	0	0	0	0	0	0	0	0	0.0003073762153226	0.0007982721216866	0.0001797074963034	0.0005134667078415	0.0008313569855679	0	0.0003283116122653	0.0001775469239319	0	0.000187593358282	0.0001639447193318	0
AJ251806.1.gene1.p01	0	0	0	0	0	0	0	0	0	0	0	0	4.14814296999759e-05	0	0	0	0	0	0	0	0	0	0	0
AUI09862.1	0.0011503027776505	0.0005584380609433	0.0011535082851944	0.0018525487808925	0.0009735185424526	0.0012400316581524	0.0015244669574768	0.002684713748421	0.000667035151964	0.0012789493530351	0.0025142038029871	0.0003479522711528	0.0003765686724893	0.0001643077204073	0.0001136503594844	0.00065009457476	0.0003372385204614	8.70496952481271e-05	0.0029615716906753	0.0023659235296737	0.0020412597656785	0.0021361211104576	0.002353857729155	0.0012012045941915
AY139603.1.gene1.p01	5.51150495458356e-05	0	0	0	6.7168361400765e-05	0	0	0	0	0	0	0	0	0.0001829858598827	4.46120485434081e-05	0	0.0002959126050806	4.84862113543414e-05	0	0	0	0	0	0
AY162283.2.gene7.p01	0.0008761491973414	0.000875801767709	0.0003116865150809	0.0003067291466006	0.0010224467298004	0.0002068291337474	0.0001482920303174	7.13878044976667e-05	6.98360308964345e-05	0.0003069865830297	0.0001041479381121	0.0001403626576372	0.0007419564566432	0.0019944096416383	0.0007629635427666	0.0011761205537633	0.0010707388840131	0.0007010899607441	0.0010091869685335	0.0006545977564668	0.0005080093535838	0.0008257740762428	0.0013022406777089	0.0001591312134446
AY232670.1.gene2.p01	0.0001882501042929	0	0	4.53299534835481e-05	2.86774010525993e-05	0	0	0	0	0	0	0	5.44107064895788e-05	5.24331922221321e-05	0	0.0001060097403159	0.0001256979939901	0	5.07287931641414e-05	4.92320357691252e-05	0	0	5.60676745766853e-05	0
AY339985.2.gene4.p01	0.0004826562824352	0.0004366985167189	3.45972622540077e-05	0.0008477362906228	0.0003660966404167	0	8.31595321338654e-05	7.92736152236008e-05	0	5.75840659783172e-05	0	0.0001574257620344	0.001400865124357	0.001298953606349	0.0009226545098441	0.0016782453095403	0.0010090307788243	0.0013092686281393	0.0006017597076912	0.0013708149749015	0.0001375679839484	0.0005429762298877	0.0005592325257901	0.0001784944917857
BAE98117	0.0002711697930886	0.000673018172481	0.0014744680448114	0.000975673284503	0.0006623114052624	0.0009622160737182	0	0	0	0	0	0	0	0	0	0	0	0	0	0.0001102797601228	0	0	0	0.0002183853062379
CAI43343	0	0.0001272148908365	0	0	0	0	0	0	0	0	0	0	0	0	0	0	0	0	0	0	0	0	0	0
CAQ86961	0	6.3230177058719e-05	0	0	0	0	0	0	0	0	0	0	4.99018375735639e-05	0	0	0	0	0	0	0	5.49528906880578e-05	0	0	0
EU675686.2.gene7.p01	0.000850792679142	0.0026611063621366	0.0006618751727905	0.000817116564093	0.0016208318101417	0.0001028696456993	0.0002242763764305	0.0001058073459389	0.0001056197822648	0.000153716143066	0	0.0003227583560293	0.0013934793921746	0.0039425947227972	0.0019199403436772	0.0009554644127181	0.0025825224219801	0.0012689501460369	0.0010201099134461	0.000616564113414	0.0002552357402205	0.0013783569203482	0.0022435225128794	0.0003573577738438
FM897214.1.orf2.gene.p01	9.07186216878257e-05	0.0002417371395034	0	0.0002678352680113	0	7.95945136179766e-05	9.41503074117638e-05	0	0	0.0004858684946546	0	0	0.0007045409194593	0.0004952489782687	0.0002972352087618	0.0003087407484631	0.0001290499404965	0.0001717599299364	0.0003916533385835	0.0005661027686305	0.000107146921966	0.0001023825582333	0.0001128231126281	0
KF478993.1.gene2.p01	0	0	0	0	0	0	0	0	0	0	0	0	0	0	0	0	0	0	0	0	0	0	0.0001480186608824	0
KJ363320.1.gene3.p01	0.0001678987416666	0.0001330020941283	0	0	0	0	0	0	0	0	0	0	0	0.0003067766878985	0	0.0001260656371325	0.0002242180433338	0.0001477050994539	0.0001182392195263	5.73752806044508e-05	0	0	6.53415710201803e-05	0
M58472.1.gene1.p01	0	8.50128217870815e-05	0	6.13488092258545e-05	8.36603880331469e-05	6.0771541497997e-05	0.0002649881998642	6.25070249907799e-05	0	0	0	0	0	0	5.61386065402695e-05	0	0	6.10137492162286e-05	0	0	0	0	0.0002478781402337	0
NC_008702.1.4609191.p01	0.0034453303309867	0.0027051837595602	0.0007456427655498	0.002924697841718	0.0021246591903562	0.0007505787837704	0.0006839670619837	0.0007958901441384	0.0003300493911828	0.0010799500306148	0.0009119824331114	0.0002199042393484	0.0008783916167391	0.000950412530098	0.0004983193001092	0.0009948809173855	0.0009919248636773	0.0007304451486735	0.0024702705921574	0.0005421368364263	0.0002147546201285	0.0024261725810077	0.0001169291597281	0.0002380861813623
NC_010558.1.6275948.p01	5.73118153690212e-05	0	0	5.57595178438948e-05	1.72850088536215e-05	0	2.65532696165329e-05	0	2.29681582504149e-05	0	3.65516462251065e-05	4.10341728465565e-05	0	0.0001257822003005	6.33718078213093e-05	6.32442789584365e-05	0	1.93526577049917e-05	0.0001651117980246	0.0002326449734098	0.0002053639059209	7.69371866176322e-05	0.0002886025945059	0.0003309925464966
NC_010558.1.6275994.p01	0	6.78155715782444e-05	0	0	0.0001355374658254	0	0	0	0	0	0	0	0	5.30095570831998e-05	0.000132555677672	0.0001246221374707	0.000226174144039	0.0008691298791024	0	0	6.01408407981938e-05	0	0.0001819160641379	0
P00384	0	0	0	0	0	0	0	0	0	0	0	0	0.0001841593142724	0.0001904803762572	0.0001203381411991	0.000619360937011	0	0.0001334575990182	0	0	0	0	0.0002213954329438	0
P13249	0	0	0	0	0	5.23368179996318e-05	0	0	0	0	0	0	0	0	0	0	0	0	0	0	0	0	0	0
Q00983	0.0007224873508165	0	3.49216115876391e-05	0.0007441086210299	0.0004035004868983	0.00019344984079	0	0	5.01569609656495e-05	0	0	0	0	5.9628639524e-05	0	0	7.44518887480327e-05	0	0	0	0	0	0	0
Q8Y6I2	0	0	8.40219226168759e-05	0	0	0	0	0	0	0	0	0	0	0	0	0	0	0	0	0	0	0	0	0
YP_001477377	0.0004143078608436	7.88973346070161e-05	0.000101105198735	0.0003565434910132	0.0002751895338764	7.73806304683288e-05	0.0007422046488577	0.0008235172863887	0.0010932970248143	0.001115830870689	0.0011191704131787	0.0012034519340378	0.0002964492996052	0.0001130172778426	0.0001221229075917	0.0002020936764765	0.0001719137750842	0.0002389791801957	0.000309991671137	0.0002114266715498	0.0002865908684913	0.0001980366002062	0.0001527510514612	0.0001653623323305
YP_001563294	0.0023482855866939	0.0075131902957657	0.0021266203226218	0.0020660097656273	0.008306286311738	0.0013292437728773	0.0025526313292922	0.0021975969818158	0.0017090574073909	0.0034148825448167	0.0033044966731676	0.0011218127343655	0.0037422129331918	0.0028094123858156	0.0050584028254749	0.0035292156976055	0.0025944065959574	0.008676005717121	0.0036055591198999	0.0002635686266935	5.72978192331882e-05	0.0035137693985688	0.0003076993980768	0.0001978838285094
YP_002333394	0	0	0	0	0	0	0	0	0	0	0	0	0	0	5.81199691240437e-05	0	0	3.303385461767e-05	0	0	0	0	0	0
YP_002890644	0.0344146316834473	0.016155804739366	0.0024071271442282	0.0324540723690272	0.0138917038725621	0.0031762401419691	0.0041425731009104	0.0036693539943346	0.0080853021076627	0.003870656290103	0.0062700175579606	0.0103072619319097	0.0052961645547197	0.0066636999543479	0.0013993920412511	0.0065090422721862	0.0063727179017755	0.0018121983317781	0.0152230221018779	0.0027072876148404	0.0016838030673928	0.0152699475356367	0.0012352895543231	0.0016414520180018
YP_002894485	0.0026464994406075	0.0041088097681563	0.0007575036145378	0.0028025316230468	0.0029271738660768	0.0009622620303068	0.0007059206543428	0.0006832260396066	0.0002545877505253	0.0009891865574474	0.0007612250518957	0.0002206382975945	0.0008320545563822	0.0019118988784691	0.0005757910642629	0.0006882269878766	0.0014245415301847	0.0003635624025792	0.001512075409282	0.0009242925268206	8.74860732470919e-05	0.0009636185257008	0.0002350624704163	0.0005610832717196
YP_981592	0.0004602855824923	0.0140774794127414	0.0022390174072074	0.0009185686087032	0.0195908504292388	0.0020046886101339	0.0016654747520492	0.0008045895230527	0.0002589330475844	0.0015306721246874	0.0017187568065325	0.0005847702940702	0.0022335609044582	0.002987351786983	0.0023389694415491	0.0022263685637688	0.0026327214708248	0.0043715072420651	0.001765508511262	0.0004499772522701	0.0002161596429555	0.0016211187740487	0.0005835248291827	0.0001465448588532
ZP_03552050	0.0014791079623015	0.0069887618634167	0.0026118986379659	0.0017719804965497	0.0093813078813571	0.0026273977123001	0.0011955755009458	0.0003718939859122	0.0001760985271859	0.0007730229813448	0.0006635896106383	0.0001425319747428	0.0051139255669777	0.0040232103209251	0.0076957998058036	0.0047434660758076	0.0037731680427481	0.0089660127106845	0.0031397197967088	0.001938046039896	0.0003312399476838	0.0031959051845617	0.0013840285006599	0.0004143888024517
ZP_04615639	0.0004148584579346	0.0003278810372822	0.0001367709526882	0.0005564815284002	0.0002690590571791	0.000113913624462	0.0004737603487462	0.0006385224984168	0.0005204315828225	0.0005662314121061	0.0005995008495042	0.0004653222302234	0.0003782267000441	0.0005249306069207	0.000534141782538	0.0003540351601081	0.0005289170523228	0.0006956569515675	0.0004908902930112	0.0004892521954621	0.0004094472616566	0.0005591445238324	0.0003838580926322	0.0004114330907576
gb|AAA25550.1|ARO:3003105|dfrA3	0.000511296579561	0	6.75438578032525e-05	0	5.11843560233342e-05	0	7.86295232560119e-05	0	0	0.0001077833273249	0	6.63354132182257e-05	0	0.0002851071010162	0.0002085861114118	0	0.0001072977585383	7.55024009260537e-05	0	0	0	0	0	0
gb|AAC75089.1|ARO:3003577|ugd	0.0011619384198698	0.0040531468068025	0.0012288567101629	0.0010420548511409	0.0047912377137113	0.0012393541424558	6.92281672145322e-05	6.66666419631045e-05	0	9.48961903622268e-05	9.8242642652164e-05	0.0001330794806038	0.0037982519541966	0.0019212818946285	0.0033033750208709	0.0034940279578818	0.0020567079723578	0.0034220523373001	0.0014561360142554	0.0004158229099477	0.0003094525262967	0.0008889866976499	0.0004771185701296	0.0001122021708043
gb|AAC75271.1|ARO:3003952|yojI	0	0	0	0	0	0	0	0	0	0	0	0	0	0	0	0	3.53884663153355e-05	0	0	0	0.0001434540465079	0	3.15700982991208e-05	5.26999276479067e-05
gb|AAF40763.1|ARO:3003961|farA	0	0	0	0	0	0	0	0	0	4.94250991469932e-05	0	0	0	0	0	2.1257161469613e-05	0	0	0	0	4.10335945029343e-05	0	0	0
gb|AAL36430.1|ARO:3004692|aadA10	0	6.54522940893687e-05	0	0	0	0	0	0	0	0	0	0	0.0007222958148745	0	0	0.0003969214619361	0	0	0	0	0	0	0	0
gb|ABG65740.1|ARO:3002879|linG	0	0	4.17865437800809e-05	0	9.772225832262e-05	0	0	0	0	0	0	0	0	5.91553963531746e-05	0	0	0	0	0	0.0003832524630642	0	0	0.0003719443273456	5.06414906144888e-05
gb|ABO11759.2|ARO:3004573|Acinetobacter	0	4.22617376754199e-05	0	0	0	0	0	0	0	0	0	0	0.0001195839703067	0	0	0	0	0	0	0	0	0	7.72871329549385e-05	0
gb|ABV26705.1|ARO:3002849|arr-4	0	0	0	0	0	0.0001659630283949	0	0.0001707025181148	0	0	0.0001219780651169	0	0	0	0	0.0001066155102606	0.0001316836127516	0	0	0	0	0	0.0001957135627223	8.04014474394288e-05
gb|ADP36409.1|ARO:3003730|Bifidobacteria	6.62725880127866e-05	3.27557099598105e-05	8.3071584324706e-05	3.8093774304409e-05	3.94059835344016e-05	4.42880157074021e-05	0.0001966154992976	0.0003453041645954	0.0002363131396679	6.75503143680531e-05	0.0005051429017799	0.0002476627325149	0.0002888703658512	0.0001797298047682	0.0002276641094068	0.0001878050993751	0.0002273237434221	0.0001603299556769	0.0001363435986679	0.000321898351307	8.02790583836269e-05	0.0002161409562704	0.0004102715367127	0.0002088556338402
gb|ADV91011.1|ARO:3000245|RbpA	0	0	0	0.0001174716087769	0.00015812100831	0.0001091862028914	0.0004688082902598	0.0012238875493194	0.0008373572641212	0.0001664845444951	0.0006653956951279	0.0002253190030493	0	0.0002833232141125	7.82197917794421e-05	0.0002922574294425	0	0.0003355756206892	0	0.0003910578335934	0.000135454055117	0.0002128479500114	0.0002696363325431	0.0001109519332443
gb|AEY83581|ARO:3000510|mupB	0.0001048119098165	5.89716932767253e-05	5.72448489400473e-05	5.15799830262251e-05	7.38132745665853e-05	2.36073612510322e-05	0.0001948843274538	0.0001100256762253	8.63496024988491e-05	0.0002043069964816	1.58671853824657e-05	0	0.0002857258120346	7.53535526091853e-05	5.4973445142183e-05	0.0002154500267852	0.0001468533609776	0.0001196661191584	5.95938093712961e-05	9.86432704293364e-05	0.0001586367502487	0.0001061488091654	3.14282926300909e-05	0.0001250073268454
gb|AEZ36150.1|ARO:3000448|qepA	2.89453612974855e-05	0.0001752712528101	2.27799162345982e-05	8.30816815874032e-05	0.0002109476590707	0	0.0001799119492385	7.6185176721639e-05	5.05299481509127e-05	0.0001106812709508	0	1.94912321021143e-05	0.0001479143723524	9.22824183109524e-05	1.74502079507953e-05	0	0.0001499801616858	4.99094856602418e-05	0.0003607998549427	0.0007038697409797	0.0007591680726385	0.0002019601148712	0.0004007993876862	0.0005537649212691
gb|AGH88989.1|ARO:3001205|determinant	0	0	0	0	0	0	0	0	0	0.0001568532072102	0	0	0	0	0	0	0	0	0	0	0	0	0	0
gb|AJE60855.1|ARO:3003209|FosA5	0	0	0	0	0	0	0	0	0	0	0	0	0	0	0	0	0	0	0	0	0.0005645277945313	0	0	0.0001036937425302
gb|AKQ05893.1|ARO:3004582|tet(49)	0	0	0	0	0	0	5.58118557388477e-05	0	0	4.7080280489787e-05	0	0	0	0.0001226855406227	9.03468912801308e-05	0.000126554263633	5.1040159981249e-05	6.59011554841953e-05	3.95658370249727e-05	0.000840847550859	0	0.0001190494863178	0.0008647808585406	0
gb|ALV80601.1|ARO:3003801|bcr-1	0	0	0	0	0	0	0	0	0	0	0	0	0	0	0	0	0	0	0	0	0	2.90338597975199e-05	0	0
gb|APB03219.1|ARO:3003986|TaeA	4.42819359084093e-05	2.74192588788581e-05	1.68859644508131e-05	6.1559196088769e-05	5.50788178946749e-05	1.84246559300872e-05	0.0003713535636384	0.0001350749800842	0	0.0002266964547542	7.94128028104993e-05	1.86062744392584e-05	0.000234868084891	0	5.35950425155437e-05	7.30102356144532e-05	8.90083678784115e-05	2.00804257782058e-05	0.0003510682999517	4.21207417135849e-05	0.0001142861595044	0.0003943624465284	0.0002451749424081	2.22429478575656e-05
gb|APB03222.1|ARO:3003992|rphB	3.14561421846927e-05	1.92788103336989e-05	3.76605615160813e-05	3.12650681105015e-05	4.77153395665098e-05	0	7.76859071004706e-05	1.47782445962364e-05	4.36660601348008e-05	0	4.3120073924253e-05	2.37199800051927e-05	0.0003547775024953	0.0004592720580984	0.0002062560346582	0.0004077982964579	0.0001300450157603	0.0001530837165209	0.0001534167248831	0.0006216335347195	0.0002933920574197	0.0001865817888166	0.000519237406557	0.0002562180548298
gb|ARB93503.1|ARO:3004603|tet(56)	0	0	0	3.58910685679507e-05	0	0	0	0	0	0	0	0	0	0	0	0.0001259035990385	4.97621878521555e-05	0	0.0003558683524158	0.0001153826796143	0	0.0006221911765132	0.0001314030271415	0
gb|AVM85875.1|ARO:3004698|MCR-5.2	0.0017911834884134	0.0008487364403443	0.0006242397968779	0.0021359398175717	0.0006137353993978	0.0006653036852566	0.0003489302494036	2.39266817272399e-05	0.0001184659649474	0.0002308097816868	0.0001033239104699	2.35223135051494e-05	0.0001415646429441	0.0001029303896545	8.55260360665329e-05	0.0001598744487654	0	0	8.35594275093447e-05	0.0001099767937488	7.56100343544178e-05	0.0001890139536615	9.36186402162499e-05	2.47820060453881e-05
gb|CAA53189|ARO:3000521|mupA	1.35777488726896e-05	0	2.13712987580604e-05	4.03466940883143e-05	1.67231496093562e-05	0	0	0	1.22257592353771e-05	0	0	0	4.87631666418882e-05	1.57709210980632e-05	0	6.44222138415824e-05	1.89037998774302e-05	3.81214333133125e-05	1.37324428370117e-05	1.48080732586822e-05	4.61627938158011e-05	4.49923351611443e-05	1.65268231388933e-05	0.0001436287289909
gb|CDO12042.1|ARO:3005053|ArnT	0	0	0	0	0	0	0	0	0	0	0	0	0	0	0	0	0	0	0	0	0.0002539406072004	0	0	2.61586755203312e-05
gb|KTE89608.1|ARO:3003723|vanI	0	0	0	0	0	0	0	0	0	0	0	0	0	8.91002659554023e-05	0	0	0	0	0	0	0	0	0	0
gb|QEQ43476.1|ARO:3005061|AAC(3)-IVb	4.59643111790906e-05	7.07875687390439e-05	0	0.0001861701447565	0	0.0001680006263531	0.0004148173844249	0.00091603920608	0.0013726621365148	0.0011160699360529	0.000619609693323	0.0011246530838438	0.0001662360116312	5.40458784530279e-05	0.0001879144798526	0.0001115002846351	0	4.35465233449919e-05	0.0010457811448148	0.0005255863069599	0.0014363262096223	0.0010266808728022	0.000393536997459	0.0012609847067072
gb|WP_071846200.1|ARO:3005350|DfrB9	0.0050934410086433	0.0003719032915436	0.0017938366294163	0.0033168906622247	0.0002149229397568	0.0011626530835359	0	0	0	0	0	0	0	0	0	0	0	0	0.0001562446829455	0	0	0	0	0
gi|1028098233|ref|WP_063854778.1|	0.0002251949108944	0.0002284912688456	3.69034643000491e-05	9.98095369405716e-05	0.0004649314626341	2.13758842834638e-05	0.00026715840655	0.0002035013445316	6.89044747512446e-05	0.000228047987798	0.0005579720689057	0	6.62602844474715e-05	0	4.5921599870514e-05	2.6732117910267e-05	6.80322382904664e-05	0	0.0001155782586172	8.60549008786352e-05	0.0001492434391377	5.95061052745749e-05	0.0001608604625115	0.0003361732993983
gi|1028098568|ref|WP_063855066.1|	0.000210840116808	0.0001318566215473	0.0001659305665739	0.0001533447569272	0.0001612489293471	0	5.03477579742053e-05	0	0	6.76351029490781e-05	0	0	0	0.000115101343566	0.0002525788185459	0.0002398848980864	0.0005703097555897	0.000139111348213	0.0001113598467539	0.0001080741649203	0.0002819052706272	5.47281311283776e-05	0.0001846196388461	0
gi|1033217078|gb|OAR27197.1|	0.000119608397617	0.0001164440963165	3.6800367174994e-05	0.0002299361082336	0.0001577631970433	0.0001039769728644	0.0002713836305448	0.0012068411243677	0.0005021037270444	0.0004016903631971	0.0009209242437072	0.0002717003333656	0.0003078660464173	0.0002095931796912	0.0003025973642049	0.0002727476656002	0.0002563557852236	0.0003550727135277	0.0004518357054232	0.0001710620738344	0.0006795654833513	0.0003475214955009	0.0003287114354816	0.0008981168949191
gi|1039004533|ref|WP_064760451.1|	0.0001846714050779	0.0003022896910815	0.0002250655723978	0.0001700665294238	0.0004000244906123	0.0001267639649368	0.0001967109565469	0.00027201687259	6.78836677178928e-05	0.000362499733047	0.000365516462251	9.18139617441701e-05	0.0001459064849449	0.0001163011299261	0.0001699099195209	0.0001206205320341	0.0001391568510486	0.0002546402329604	0.0004231754230854	0.0006445215334772	0.0010262028211783	0.0004129363062993	0.0006894019821922	0.0009711033494605
gi|1039291348|ref|WP_064768701.1|	0.0001684620027513	6.67024200978075e-05	0	0.0001170949874721	0.0001379273155462	2.43585658113889e-05	2.0592331539352e-05	0	5.05299481509127e-05	9.28534152272278e-05	0.0002894293619457	0	9.90557787699573e-05	0	0.0001129671356814	0	0.0001159640425405	0	0.0001498236685779	0.0004284940581681	0.0005106345768844	0	0.0001277421319944	0.0004138845929236
gi|157139469|gb|ABV24340.1|	0	0.000167619620316	0.0001065218969811	0	4.16633939820783e-05	0	0	0	0	0.0001754684274622	0	0	0.0002968390025199	0.0002026295553006	0	0.0001540141510251	0.0002515653922849	0.0002958415031066	0	0.0003175744979009	0	0	0	0
gi|223886324|gb|ACN22617.1|	0	0	0	0	0	0	0	0	0	0	0	0	0.000178916344471	0	0	0	0	0	0	0	0	0	0	0
gi|305670809|gb|ADM62671.1|	0.0009349423169115	0.0012500943741912	0.0004016703884257	0.0019224057521435	0.001429267506782	0.0004751209146226	0.0007914232449463	0.0001185434153575	4.0249413120583e-05	0.0003959865721287	0.0004847122186359	3.96394542401592e-05	0.0001551712740628	0.0004655420145964	0.0001434029515956	0.0005974499562253	0.0006315936241235	0.0001606434062256	0.0011390430281401	0.0005456976093115	4.8632408299774e-05	0.0017386075166664	0.0003677624136122	0.0001724963303239
gi|446110340|ref|WP_000188195.1|	0.0011315480254808	0.0004840338557186	0.0006741212332881	0.0008023215223569	0.0004393323892002	0.0008943145048618	0.0001347527699278	0.0001709605718081	0.0001887697475355	0.0002630147498311	0.0001394135871562	0.0001071883201392	0.0004210032413066	0.0003513994863923	0.0007597459405243	0.0004084117170639	0.0004661762463768	0.0005803243049901	0.0004082937188083	0.000505448900563	0.0005469524853447	0.0002769700996652	0.0003112655790573	0.0004412274554602
gi|446136270|ref|WP_000214125.1|	0.0003580612839432	4.48769442147404e-05	2.82369466632725e-05	0.0006269895546189	0	3.08099681426231e-05	0	3.16898239074543e-05	6.32672953170669e-05	0	0	0	0.0007906868436689	7.91481632295669e-05	2.84611618603416e-05	0.0003158550466416	0.0001456994428217	0	7.73488529433444e-05	0	0	3.72530595552075e-05	4.18897695401651e-05	0
gi|485890120|ref|WP_001482667.1|	0.000241800674084	0.0001605985162904	0.0001310159227602	0.0003432658029521	8.46581830603336e-05	0.0001253137945883	0.0007909959105808	0.0008779201690649	0.0008420177224825	0.0010891583330051	0.0010125622560825	0.0007868566494747	0.0003483436764676	0.000199874034104	0.0001867376819178	0.0002329129347418	0.0001928514637365	0.0002046864734325	0.0002570321481789	0.0002581845464295	0.0001335770147967	0.0001524678529246	0.0002121296240835	0.00017779227029
gi|493394434|ref|WP_006350564.1|	0.0002314484552305	2.83097480647672e-05	0.0002200486931712	0.0003800659507547	0.0002075062441613	0.000300863548153	0.0007203409292887	0.0002686576853847	0.0001888967805669	0.0008039378253278	0.0001469004937039	0.0001628364806768	0.0001323727012176	4.66777348433306e-05	3.04043708910124e-05	0.0001267387450669	5.24984502664276e-05	3.84743626405542e-05	0.0001469011470883	9.57162369836945e-05	0.0001711796144366	0.0001719414723819	0.0001916210571113	0.0002061993202704
gi|499772318|ref|WP_011453052.1|	0.0003208359182933	0.000131977813295	0.0002524969465282	0.0002074131064856	9.87442443806939e-05	0.0005491423733655	0	0	0.0003308146616631	0	0.0002774776757025	0.0004249582667805	0.0021187026150931	0.002987643292817	0.0017927286101214	0.002060285940469	0.0030151674272687	0.0012265832786237	0.0008501548924978	0.0017571782366631	0.0001135423697304	0.0014431423833334	0.0009408980318593	0.0004823221694492
gi|522156438|ref|WP_020667646.1|	0	0	0	0	0	0	0	0	0	8.94214101490214e-05	0	0	0	0	0	0	0	0	0	0	0	0	0	0
gi|53794413|gb|AAU93764.1|	7.86236790592163e-05	0.0001096249818678	0	7.66758207002209e-05	0.0001473204504002	3.62892919230896e-05	0	0	0	0	0	0	0	0	0	0	0	0	0	0	0	0	4.47498277086474e-05	0
gi|545272242|ref|WP_021561466.1|	0	0.0005383300145094	0	0	0.0001372733615221	0	0	0	0	0	0	0	0.0011694116456298	0	0	0.0013314124418367	0	0	0	5.24889242892365e-05	5.93913933974778e-05	5.90668605192459e-05	6.37618846878243e-05	0
gi|639206639|ref|WP_024544906.1|	0.0008294238320247	0	0.0002578600011745	0.0004219866194092	0.0004517857467816	0	0.0001664981236805	0.0001488300177312	0.0003780184121385	0.0005789868829695	0.000231603921108	0	0	0	0	0	0	7.41196475560101e-05	0.0001760224909133	0.0007485762198211	0.0023455841443054	0.0005734719242817	0.0008853014843918	0.0014037362928989
gi|691356724|ref|WP_032072921.1|	5.30146223047135e-05	0.0001273668799534	0	0	0	0	0	0	0	0	0	0	0	5.7883237291816e-05	0	0	0	0	0	0	0	0	0	0
gi|692128548|ref|WP_032084014.1|	0	0	0	0	2.17552697640409e-05	0	0	0	0	0	0	0	0	0	0	0	0	0	0	3.73484409283018e-05	0	0	0.0001259009299459	0
gi|695688999|ref|WP_032634100.1|	0	0	0	0	0	0	0	0	0	0	0	0	0	0	0	0	4.79145818675458e-05	0	0	0	0	7.60266521534847e-05	0	0
gi|730661043|ref|WP_034065992.1|	0	0	0	0	0	0	0	0	0	0	0	0	8.38094191897473e-05	0	0	0.000162463300753	4.79145818675458e-05	0	0	0	0	0	0	0
gi|740410309|ref|WP_038243756.1|	0.0003580859951362	0.0003397415837159	8.0636048070925e-05	0.0003714732752358	0.0002643036186329	6.3167861606799e-05	0.0003592978767333	0.0005267354860812	0.0006082622854157	0.0004982471380297	0.0007904606517762	0.0006224430312605	0.0002657716569206	0.0005696759233387	0.000370536740099	0.000258017109645	0.0005908220351875	0.0003718737920067	0.0002689184685155	0.0002757973397033	0.000228656972224	0.0003458821061453	0.0002803503233646	0.0002163033351812
gi|748291568|ref|WP_039833226.1|	0	0	0	0	0	0	0	0	0	0	0	0	0	0	0	0	0	0	0	0	0	0	0.0001487514265303	0
gi|766961649|ref|WP_044860626.1|	0.0020287517853295	0.0013181762074618	0.0019102696379781	0.0015927709140396	0.0012977830559829	0.0022466319816027	0.0006509726834782	0.0003506573363579	0.0003132745987885	0.0005260294996622	0.0004102014406902	0.0003080821528529	0.0007450684191114	0.0010857662617372	0.0014954706795609	0.000924796317783	0.0008029042499716	0.0011302602323026	0.0007580760542913	0.0006169908647304	0.0007084120809	0.0006574287419892	0.000825777632111	0.0006403547981851
gi|943909899|ref|WP_055545300.1|	0	0	0	2.37047534261483e-05	2.93931431753763e-05	0	0	0.0001686795231464	8.33223125259642e-05	3.03162538262023e-05	9.13313299544378e-05	0.0001046678651809	0.0001678752009115	7.79256693723933e-05	7.53565048923411e-05	0.0001901472546766	0	0.0001693090621821	0.0001533849632909	0.0001236289324172	0.0001258454598798	0.0001252099505848	2.75841764040504e-05	0.000188433244983
gi|944009777|ref|WP_055601444.1|	0.000155447652089	0.0001322240564003	3.52181857837124e-05	4.26489280272873e-05	0.0001891560329665	3.72138598701747e-05	9.17162979657497e-05	7.32247900401544e-05	4.11159291482745e-05	0.0001359977250414	5.15930311252925e-05	2.08682945109379e-05	0.0003136908428734	5.0402658408689e-05	1.86830712848986e-05	0.0001559761147324	8.6810534520974e-05	0.0001437963127001	0.0001652013845156	6.22957721394548e-05	0.0001952049112251	0.0001134685677235	0.000106692856411	0.0001025783574796
gi|944470764|ref|WP_055701183.1|	0	0	0	2.32306583576253e-05	0	0	4.56145660847833e-05	0.0001491161763898	0.0001484178691868	0.000216634897133	0.0001864681319903	0.0001068484457055	2.73152869279749e-05	0	1.87415141701159e-05	2.55007980032765e-05	3.15514812582922e-05	2.16507752151037e-05	5.0955004754291e-05	0	0.0001541606883528	5.00839802339562e-05	2.87335170875525e-05	0.0004336411819609
gi|970317850|ref|WP_058685394.1|	0.0004255838247358	0.0004615992924566	0.0001935328576738	0.0005025625868246	0.000205693120258	0.0002142849293004	8.32436857303578e-05	3.92720517135323e-05	0	5.70541512607253e-05	0.0002291765793991	3.53762401181739e-05	0	0.0002258937724298	9.42956385561987e-05	0.0003362394830881	0.0001539001731851	0.0001500783920247	0.0003412460560037	0.000136750285367	9.28013759359613e-05	0.0002101040842273	9.42900058586563e-05	4.24083648397406e-05
gi|983302207|ref|WP_060488517.1|	0	0	0	0	0	0	0	0	0	0	0	0	0	0	8.50215128037415e-05	0	0	0	0	0	0	0	0	0
